mes,producao_mm3d_anp
01/2020,69.7
01/2021,105.1
01/2022,170.2
01/2023,188.7
01/2024,219.4
01/2025,243.3
01/2026,383.7
02/2020,71.9
02/2021,132.1
02/2022,182.0
02/2023,180.4
02/2024,225.3
02/2025,230.4
02/2026,410.2
03/2020,78.0
03/2021,128.1
03/2022,175.1
03/2023,215.8
03/2024,232.4
03/2025,262.9
03/2026,403.9
04/2020,74.6
04/2021,137.1
04/2022,197.1
04/2023,199.2
04/2024,230.4
04/2025,283.4
04/2026,450.9
05/2020,76.3
05/2021,156.8
05/2022,188.1
05/2023,188.4
05/2024,198.0
05/2025,314.7
05/2026,451.4
06/2020,70.4
06/2021,157.9
06/2022,171.8
06/2023,232.3
06/2024,224.4
06/2025,327.5
06/2026,531.6
07/2020,139.9
07/2021,152.2
07/2022,170.4
07/2023,223.6
07/2024,214.2
07/2025,367.8
07/2026,560.7
08/2020,103.3
08/2021,149.2
08/2022,172.2
08/2023,210.5
08/2024,209.9
08/2025,386.1
08/2026,529.1
09/2020,123.9
09/2021,147.6
09/2022,184.5
09/2023,204.8
09/2024,196.1
09/2025,352.3
10/2020,132.4
10/2021,174.8
10/2022,193.4
10/2023,221.4
10/2024,242.7
10/2025,393.8
11/2020,127.5
11/2021,177.0
11/2022,191.0
11/2023,199.2
11/2024,246.9
11/2025,416.0
12/2020,115.5
12/2021,126.0
12/2022,196.9
12/2023,196.8
12/2024,233.7
12/2025,385.9
