ano,indicador,valor,unidade,edicao
2023,plantas_biogas,1365.0,plantas,Panorama do Biogás 2023
2023,novas_plantas_biogas,338.0,plantas,Panorama do Biogás 2023
2023,plantas_biometano,50.0,plantas,Panorama do Biogás 2023
2024,plantas_biogas,1633.0,plantas,Panorama do Biogás 2024
2024,plantas_biogas_operacao,1587.0,plantas,Panorama do Biogás 2024
2024,plantas_biometano,79.0,plantas,Panorama do Biogás 2024
2024,plantas_biometano_operacao,54.0,plantas,Panorama do Biogás 2024
2025,plantas_biogas,1803.0,plantas,Panorama do Biogás 2025
2025,producao_biogas,13600.0,mil m³/d,Panorama do Biogás 2025
2025,pct_biogas_energia_eletrica,62.0,%,Panorama do Biogás 2025
2025,pct_biogas_biometano,34.0,%,Panorama do Biogás 2025
2025,producao_biometano,1060.0,mil m³/d,Panorama do Biogás 2025
