ano,uf,estado,plantas_biogas,producao_biogas_mil_m3d,edicao
2022,MG,Minas Gerais,280,,Panorama do Biogás 2023
2022,PR,Paraná,262,,Panorama do Biogás 2023
2022,SC,Santa Catarina,105,,Panorama do Biogás 2023
2022,SP,São Paulo,87,,Panorama do Biogás 2023
2022,GO,Goiás,77,,Panorama do Biogás 2023
2022,MS,Mato Grosso do Sul,59,,Panorama do Biogás 2023
2022,MT,Mato Grosso,57,,Panorama do Biogás 2023
2022,RS,Rio Grande do Sul,57,,Panorama do Biogás 2023
2022,RJ,Rio de Janeiro,15,,Panorama do Biogás 2023
2022,PE,Pernambuco,12,,Panorama do Biogás 2023
2023,PR,Paraná,404,,Panorama do Biogás 2023
2023,MG,Minas Gerais,348,,Panorama do Biogás 2023
2023,SC,Santa Catarina,122,,Panorama do Biogás 2023
2023,SP,São Paulo,117,,Panorama do Biogás 2023
2023,GO,Goiás,111,,Panorama do Biogás 2023
2023,MS,Mato Grosso do Sul,83,,Panorama do Biogás 2023
2023,RS,Rio Grande do Sul,79,,Panorama do Biogás 2023
2023,MT,Mato Grosso,62,,Panorama do Biogás 2023
2023,RJ,Rio de Janeiro,19,,Panorama do Biogás 2023
2023,PE,Pernambuco,14,,Panorama do Biogás 2023
2025,PR,Paraná,525,1500.0,Panorama do Biogás 2025
2025,MG,Minas Gerais,387,1200.0,Panorama do Biogás 2025
2025,SC,Santa Catarina,161,,Panorama do Biogás 2025
2025,SP,São Paulo,134,4900.0,Panorama do Biogás 2025
2025,GO,Goiás,131,,Panorama do Biogás 2025
2025,RJ,Rio de Janeiro,,1800.0,Panorama do Biogás 2025
