ano,uf,estado,regiao,aves,suinos,vacas_ordenhadas,biogas_aves_m3_ano,biogas_suinos_m3_ano,biogas_vacas_m3_ano,biogas_total_m3_ano
2025,AC,Acre,Norte,2925564,159233,48645,1494963,13948811,6391953,21835727
2025,AL,Alagoas,Nordeste,5544064,202932,237129,2833017,17776843,31158751,51768611
2025,AM,Amazonas,Norte,5867531,90257,100503,2998308,7906513,13206094,24110915
2025,AP,Amapá,Norte,73543,27139,5285,37580,2377376,694449,3109405
2025,BA,Bahia,Nordeste,48079333,1162940,885837,24568539,101873544,116398982,242841065
2025,CE,Ceará,Nordeste,36375012,1410841,757020,18587631,123589672,99472428,241649731
2025,DF,Distrito Federal,Centro-Oeste,8164577,146753,12598,4172099,12855563,1655377,18683039
2025,ES,Espírito Santo,Sudeste,28790958,160780,211180,14712180,14084328,27749052,56545560
2025,GO,Goiás,Centro-Oeste,95101239,1606294,1373906,48596733,140711354,180531248,369839335
2025,MA,Maranhão,Nordeste,13718948,898165,613308,7010382,78679254,80588671,166278307
2025,MG,Minas Gerais,Sudeste,133185104,5760042,2963271,68057588,504579679,389373809,962011076
2025,MS,Mato Grosso do Sul,Centro-Oeste,35548106,1961957,144342,18165082,171867433,18966539,208999054
2025,MT,Mato Grosso,Centro-Oeste,45531968,2092539,246564,23266836,183306416,32398510,238971762
2025,PA,Pará,Norte,24219454,532967,791790,12376141,46687909,104041206,163105256
2025,PB,Paraíba,Nordeste,15756944,343312,318967,8051798,30074131,41912264,80038193
2025,PE,Pernambuco,Nordeste,67684464,864972,626523,34586761,75771547,82325122,192683430
2025,PI,Piauí,Nordeste,12526909,1094004,94790,6401250,95834750,12455406,114691406
2025,PR,Paraná,Sul,463493696,7047439,1117187,236845279,617355656,146798372,1000999307
2025,RJ,Rio de Janeiro,Sudeste,20040118,52135,325692,10240500,4567026,42795929,57603455
2025,RN,Rio Grande do Norte,Nordeste,13590613,540038,251265,6944803,47307329,33016221,87268353
2025,RO,Rondônia,Norte,10712100,197962,291772,5473883,17341471,38338841,61154195
2025,RR,Roraima,Norte,1412570,75430,18745,721823,6607668,2463093,9792584
2025,RS,Rio Grande do Sul,Sul,166194733,6375913,1009282,84925509,558529979,132619655,776075143
2025,SC,Santa Catarina,Sul,143165477,9350304,780577,73157559,819086630,102567818,994812007
2025,SE,Sergipe,Nordeste,6657610,186728,210287,3402039,16357373,27631712,47391124
2025,SP,São Paulo,Sudeste,196363079,1465535,729061,100341533,128380866,95798615,324521014
2025,TO,Tocantins,Norte,6763859,186990,515890,3456332,16380324,67787946,87624602
