municipio,rsu_m3_ano,pecuaria_m3_ano,agro_sucro_m3_ano,total_m3_ano
Goiânia,124128963,597505,0,124726468
Goiatuba,1995000,2653112,117128000,121776112
Edéia,302400,862517,98494000,99658917
Mineiros,3906000,7829250,85184000,96919250
Itumbiara,6934200,4067991,75867000,86869191
Caçu,644385,3098310,79860000,83602695
Jataí,4181069,13865620,63888000,81934689
Goianésia,1602405,2529304,76931800,81063509
Santa Helena de Goiás,1071000,3244647,73205000,77520647
Chapadão do Céu,1057455,143241,74536000,75736696
Paraúna,945578,3180920,69212000,73338498
Turvelândia,262500,1952712,56700600,58915812
Rio Verde,6854400,45266836,,52121236
Perolândia,137393,460302,45254000,45851694
Itapaci,1088640,1917951,39397600,42404191
