periodo,producao_mm3d
2020-01,69.7
2020-02,71.9
2020-03,78.0
2020-04,74.6
2020-05,76.3
2020-06,70.4
2020-07,139.9
2020-08,103.3
2020-09,123.9
2020-10,132.4
2020-11,127.5
2020-12,115.5
2021-01,105.1
2021-02,132.1
2021-03,128.1
2021-04,137.1
2021-05,156.8
2021-06,157.9
2021-07,152.2
2021-08,149.2
2021-09,147.6
2021-10,174.8
2021-11,177.0
2021-12,126.0
2022-01,170.2
2022-02,182.0
2022-03,175.1
2022-04,197.1
2022-05,188.1
2022-06,171.8
2022-07,170.4
2022-08,172.2
2022-09,184.5
2022-10,193.4
2022-11,191.0
2022-12,196.9
2023-01,188.7
2023-02,180.4
2023-03,215.8
2023-04,199.2
2023-05,188.4
2023-06,232.3
2023-07,223.6
2023-08,210.5
2023-09,204.8
2023-10,221.4
2023-11,199.2
2023-12,196.8
2024-01,219.4
2024-02,225.3
2024-03,232.4
2024-04,230.4
2024-05,198.0
2024-06,224.4
2024-07,214.2
2024-08,209.9
2024-09,196.1
2024-10,242.7
2024-11,246.9
2024-12,233.7
2025-01,243.3
2025-02,230.4
2025-03,262.9
2025-04,283.4
2025-05,314.7
2025-06,327.5
2025-07,367.8
2025-08,386.1
2025-09,352.3
2025-10,393.8
2025-11,416.0
2025-12,385.9
2026-01,383.7
2026-02,410.2
2026-03,403.9
2026-04,450.9
2026-05,451.4
2026-06,531.6
2026-07,560.7
2026-08,529.1
