usina,regiao,uf,estado,municipio,capacidade_autorizada_mm3d,capacidade_biogas_mm3d,biogas_processado_mm3d,uso_capacidade_biogas_pct
Biometano Verde Paulinia S.A.,Sudeste,SP,São Paulo,Paulínia,225.84,480.0,0.24,0.0
Gás Verde S.A.,Sudeste,RJ,Rio de Janeiro,Seropédica,204.0,480.0,411.77,86.0
Raízen-Geo Biogás Costa Pinto Ltda.,Sudeste,SP,São Paulo,Piracicaba,130.37,230.02,118.46,52.0
GNR Fortaleza Valorização de Biogás Ltda.,Nordeste,CE,Ceará,Caucaia,110.0,300.0,83.83,28.0
Orizon Biometano Jaboatão dos Guararapes Limitada,Nordeste,PE,Pernambuco,Jaboatão dos Guararapes,108.93,240.0,84.44,35.0
Biometano Santa Cruz Ltda.,Sudeste,SP,São Paulo,Américo Brasiliense,82.58,152.44,0.07,0.0
Essencis Biometano S.A.,Sudeste,SP,São Paulo,Caieiras,67.2,139.68,71.48,51.0
Biometano Sul S.A.,Sul,RS,Rio Grande do Sul,Minas do Leão,64.85,132.0,34.14,26.0
Cocal Energia PPT Participações Ltda,Sudeste,SP,São Paulo,Paraguaçu Paulista,60.0,127.2,30.14,24.0
Geo Elétrica Tamboara Bioenergia Ltda,Sul,PR,Paraná,Tamboara,40.0,86.88,0.0,0.0
Biometano São Leopoldo S.A.,Sul,RS,Rio Grande do Sul,São Leopoldo,36.74,67.2,22.22,33.0
SPE Central de Tratamento Integrado Resíduo Zero Ltda,Sul,RS,Rio Grande do Sul,Triunfo,36.0,60.0,0.05,0.0
Agric Adubos e Gestão de Resíduos Industriais e Comerciais S.A.,Sul,SC,Santa Catarina,Campos Novos,31.44,48.0,5.14,11.0
Engep Ambiental Ltda,Sudeste,SP,São Paulo,Jambeiro,30.0,84.0,21.89,26.0
Metagás Biogás e Energia S.A,Sudeste,SP,São Paulo,São Paulo,30.0,60.0,33.0,55.0
Cocal Energia S.A.,Sudeste,SP,São Paulo,Narandiba,27.11,51.6,11.6,22.0
CRI Geo Biogas S.A.,Sudeste,SP,São Paulo,Elias Fausto,23.69,60.63,0.0,0.0
GNR Dois Arcos Valorização de Biogás Ltda.,Sudeste,RJ,Rio de Janeiro,São Pedro da Aldeia,18.48,36.0,0.03,0.0
ZEG Biogás Aroeira SPE Ltda.,Sudeste,MG,Minas Gerais,Tupaciguara,16.91,30.63,9.97,33.0
SCBIO Energias Renováveis SPE Ltda.,Sul,SC,Santa Catarina,Campos Novos,16.0,28.8,0.0,0.0
Adecoagro Vale do Ivinhema S.A.,Centro-Oeste,MS,Mato Grosso do Sul,Ivinhema,8.0,12.0,0.0,0.0
